3.7368743904436577, 0.8521327853880767, -0.5783211363689401, 191737000000, 
3.7368743858603546, 0.8521327908270876, -0.5783211057519713, 191771000000, 
3.7368743633823964, 0.8521328018113938, -0.5783210842437279, 191805000000, 
3.736874356004909, 0.852132806767781, -0.5783210272238617, 191873000000, 
3.736874366250287, 0.8521328017494135, -0.5783210077190969, 191907000000, 
3.7368743973861935, 0.8521327784518127, -0.5783209612442742, 191975000000, 
3.736874419557931, 0.8521327631485703, -0.5783209300115163, 192043000000, 
3.736874401773652, 0.8521327727142946, -0.5783208731896314, 192111000000, 
3.7368743783784923, 0.8521327881440957, -0.5783208196988199, 192179000000, 
3.7368743987632085, 0.8521327758965154, -0.5783207532871528, 192281000000, 
3.736874421459246, 0.8521327574493874, -0.5783207125414443, 192349000000, 
3.736874419060545, 0.8521327614975582, -0.5783206645271005, 192417000000, 
3.7368744032041517, 0.8521327678807419, -0.578320611978285, 192485000000, 
3.73687442950681, 0.8521327507722101, -0.5783205474454637, 192587000000, 
3.736874439283772, 0.8521327469242833, -0.5783205287579075, 192621000000, 
3.736874406233286, 0.8521327640792511, -0.5783204532861225, 192723000000, 
3.736874402992428, 0.8521327651098493, -0.5783204232019813, 192757000000, 
3.736874446656638, 0.8521327384009731, -0.5783203571652967, 192859000000, 
3.736874446274071, 0.852132735374524, -0.5783203411022345, 192893000000, 
3.7368744292826133, 0.8521327462535521, -0.5783202658717551, 192995000000, 
3.736874430725615, 0.8521327430110227, -0.5783202158380734, 193063000000, 
3.7368744591644334, 0.85213272636159, -0.5783201736585071, 193131000000, 
3.736874449341369, 0.8521327305863663, -0.578320139359499, 193199000000, 
3.7368744296288, 0.8521327429513076, -0.5783200828180596, 193267000000, 
3.7368744306784825, 0.8521327401523014, -0.5783200324694492, 193335000000, 
3.7368744677759067, 0.8521327187520882, -0.5783199893904669, 193403000000, 
3.7368744758835195, 0.8521327108114016, -0.5783199696612219, 193437000000, 
3.7368744631401363, 0.8521327183065884, -0.5783199023666385, 193539000000, 
3.7368744395219466, 0.8521327343668189, -0.5783198540963632, 193607000000, 
3.7368744362706767, 0.8521327339537781, -0.5783198051270073, 193675000000, 
3.7368744678915133, 0.85213271361163, -0.5783197610884134, 193743000000, 
3.7368744973618284, 0.8521326956894931, -0.5783197282389018, 193811000000, 
3.7368744857313816, 0.8521327017033825, -0.5783196751823849, 193879000000, 
3.7368744581519873, 0.8521327188319068, -0.5783195981297968, 193981000000, 
3.736874460756837, 0.8521327155349028, -0.5783195760629497, 194015000000, 
3.73687448574659, 0.8521326970244311, -0.5783195355852957, 194083000000, 
3.7368745085825967, 0.8521326816208002, -0.5783195026930948, 194151000000, 
3.7368744776831115, 0.8521327014012553, -0.5783194239459439, 194253000000, 
3.7368744724740353, 0.852132706006722, -0.5783193509136267, 194355000000, 
3.736874498594409, 0.8521326861102246, -0.5783193095967152, 194423000000, 
3.7368745334835736, 0.852132665011614, -0.5783192556254364, 194525000000, 
3.7368745170066022, 0.8521326719472995, -0.578319225839558, 194559000000, 
3.736874484292495, 0.8521326917905667, -0.5783191465685154, 194661000000, 
3.7368745021607617, 0.8521326821690313, -0.5783191099945548, 194729000000, 
3.736874536665141, 0.8521326578674903, -0.5783190550034538, 194831000000, 
3.736874527786154, 0.8521326628517422, -0.5783190295593648, 194865000000, 
3.736874517429948, 0.852132668991553, -0.5783189960529977, 194899000000, 
3.7368745146742026, 0.8521326680680441, -0.578318949640254, 194967000000, 
3.736874539174688, 0.852132653930219, -0.5783189080001595, 195035000000, 
3.736874540569062, 0.8521326505264201, -0.5783188954546629, 195069000000, 
3.736874532517249, 0.852132658399569, -0.5783188462316281, 195137000000, 
3.7368745111009685, 0.8521326686000213, -0.5783187958150479, 195205000000, 
3.7368745471004186, 0.8521326468249187, -0.5783187309811203, 195307000000, 
3.736874560445349, 0.8521326366599096, -0.5783186985109913, 195375000000, 
3.736874540032098, 0.852132648566769, -0.5783186421678316, 195443000000, 
3.7368745361099687, 0.8521326484307555, -0.5783185951182767, 195511000000, 
3.736874568551166, 0.8521326299841748, -0.5783185536332383, 195579000000, 
3.736874565394394, 0.8521326289242339, -0.5783185397100886, 195613000000, 
3.7368745560687944, 0.8521326373538395, -0.578318493067725, 195681000000, 
3.7368745399323173, 0.8521326453403393, -0.5783184671428904, 195715000000, 
3.73687453584228, 0.8521326458202779, -0.5783184188465893, 195783000000, 
3.7368745678120283, 0.8521326276501345, -0.578318378392834, 195851000000, 
3.736874584388171, 0.852132613091671, -0.5783183253092065, 195953000000, 
3.7368745618434476, 0.8521326303273103, -0.5783182699659976, 196021000000, 
3.7368745414366136, 0.8521326407357712, -0.5783182216400077, 196089000000, 
3.736874567697295, 0.8521326228518877, -0.578318160524331, 196191000000, 
3.7368745969919845, 0.8521326019138519, -0.5783181243055254, 196259000000, 
3.7368745986413265, 0.8521326033870609, -0.5783180790224678, 196327000000, 
3.736874568491369, 0.8521326215181151, -0.5783180340142956, 196395000000, 
3.73687456537886, 0.8521326217170418, -0.57831798089, 196463000000, 
3.736874607003002, 0.8521325937064258, -0.5783179198170586, 196565000000, 
3.736874606095429, 0.8521325934962013, -0.5783178627377266, 196667000000, 
3.736874571758417, 0.8521326141912563, -0.5783177897569853, 196769000000, 
3.736874585344146, 0.8521326055178521, -0.5783177488020658, 196837000000, 
3.7368746181344004, 0.8521325817029851, -0.5783177043193072, 196905000000, 
3.736874627966032, 0.8521325750573885, -0.5783176489415071, 197007000000, 
3.7368746037869216, 0.8521325897227545, -0.5783176025013692, 197075000000, 
3.7368745959637635, 0.852132593664625, -0.5783175774352319, 197109000000, 
3.736874608594483, 0.8521325873850484, -0.5783175329944652, 197177000000, 
3.736874636840224, 0.8521325668424673, -0.5783174905499362, 197245000000, 
3.736874649838508, 0.8521325599160298, -0.5783174789711308, 197279000000, 
3.736874622716229, 0.8521325734623845, -0.5783174072760399, 197381000000, 
3.7368746516800586, 0.8521325562058876, -0.5783173414435193, 197483000000, 
3.7368746554156886, 0.8521325523725471, -0.5783173080257947, 197551000000, 
3.736874630474141, 0.8521325672908325, -0.5783172601812356, 197619000000, 
3.7368746220761833, 0.8521325701807115, -0.5783172104964438, 197687000000, 
3.7368746602465572, 0.8521325460838719, -0.5783171509699109, 197789000000, 
3.7368746606689744, 0.8521325439895184, -0.5783171212671685, 197857000000, 
3.736874643779846, 0.8521325542566972, -0.578317068088817, 197925000000, 
3.736874654519377, 0.8521325491618221, -0.5783170215882525, 197993000000, 
3.7368746786206235, 0.85213253176085, -0.5783169733544355, 198095000000, 
3.7368746525355725, 0.8521325474338338, -0.5783169196146485, 198163000000, 
3.736874643024164, 0.8521325510770402, -0.5783168746237651, 198231000000, 
3.736874669799567, 0.852132536186112, -0.5783168354394276, 198299000000, 
3.736874697999512, 0.8521325175760797, -0.5783167989770989, 198367000000, 
3.736874690510409, 0.8521325207907169, -0.5783167583722667, 198435000000, 
3.7368746612396335, 0.8521325392247655, -0.578316713550695, 198503000000, 
3.7368746535856405, 0.852132540894435, -0.5783166471643647, 198605000000, 
3.7368746935476733, 0.8521325173866781, -0.5783166038989398, 198673000000, 
3.7368747212058073, 0.8521324955457207, -0.5783165551182812, 198775000000, 
3.736874675736136, 0.8521325248850887, -0.578316485566022, 198877000000, 
3.7368746532743633, 0.8521325391840914, -0.5783164336833231, 198945000000, 
3.736874672825286, 0.8521325252636575, -0.5783163764804026, 199047000000, 
3.7368747425306386, 0.8521324796012266, -0.5783163202575787, 199149000000, 
3.736874744258655, 0.8521324764920469, -0.5783162815261798, 199217000000, 
3.7368747205741037, 0.8521324937764324, -0.5783162394093319, 199285000000, 
3.7368746933314716, 0.8521325087936925, -0.5783161839882495, 199353000000, 
3.7368746946609734, 0.8521325060684157, -0.5783161534163901, 199421000000, 
3.7368747421926556, 0.8521324750128899, -0.578316092451092, 199523000000, 
3.736874752653701, 0.8521324694778442, -0.5783160815253149, 199557000000, 
3.736874731888516, 0.8521324810629417, -0.5783160301022002, 199625000000, 
3.7368747151617576, 0.8521324932750627, -0.5783160099501703, 199659000000, 
3.736874705211908, 0.8521324978136887, -0.5783159604921254, 199727000000, 
3.7368747185151467, 0.8521324871475064, -0.5783159269403318, 199795000000, 
3.7368747641638524, 0.8521324591292547, -0.5783158831382132, 199863000000, 
3.736874764306137, 0.8521324567897891, -0.5783158546176957, 199931000000, 
3.736874739287084, 0.852132471909638, -0.578315804437357, 199999000000, 
3.7368747381234235, 0.8521324733017406, -0.5783157379931679, 200101000000, 
3.7368747641552775, 0.8521324540400307, -0.5783157013269177, 200169000000, 
3.7368747638579247, 0.8521324540140286, -0.5783156480116175, 200271000000, 
3.736874755360525, 0.8521324606630231, -0.5783155945382585, 200339000000, 
3.7368747690535726, 0.8521324491714962, -0.5783155604769273, 200407000000, 
3.7368747852281556, 0.8521324401232153, -0.57831551005079, 200509000000, 
3.736874759392889, 0.8521324540087761, -0.5783154594623592, 200577000000, 
3.736874773544906, 0.8521324436249204, -0.5783153976285954, 200679000000, 
3.736874805951849, 0.852132423590469, -0.578315362348035, 200747000000, 
3.7368747973984484, 0.8521324260061871, -0.5783153502737011, 200781000000, 
3.7368747826887643, 0.8521324364258127, -0.5783152982632737, 200849000000, 
3.7368747874170594, 0.8521324332349522, -0.5783152544344426, 200917000000, 
3.73687480559805, 0.8521324190265996, -0.5783152184157655, 200985000000, 
3.736874810139504, 0.8521324186175332, -0.5783151881718341, 201053000000, 
3.7368747835597067, 0.8521324344017732, -0.5783151161421577, 201155000000, 
3.7368748113358974, 0.8521324128008183, -0.5783150585853944, 201257000000, 
3.7368748317981253, 0.8521323988817592, -0.5783150295046604, 201325000000, 
3.736874799818619, 0.8521324194823761, -0.578314960479931, 201427000000, 
3.7368747836865026, 0.8521324276008643, -0.5783149152195571, 201495000000, 
3.736874803766273, 0.8521324169283714, -0.5783148805603661, 201563000000, 
3.736874849944916, 0.852132385360831, -0.5783148289189067, 201665000000, 
3.736874833896043, 0.8521323937997031, -0.5783147856246788, 201733000000, 
3.736874805282494, 0.8521324111955478, -0.5783147189494713, 201835000000, 
3.7368748199065833, 0.8521324019267633, -0.5783146830090072, 201903000000, 
3.7368748686757765, 0.8521323710788268, -0.5783146322001865, 202005000000, 
3.7368748500625073, 0.8521323808462592, -0.5783145883353821, 202073000000, 
3.736874826281103, 0.8521323967152099, -0.5783145480515933, 202141000000, 
3.736874820268176, 0.852132398251818, -0.5783145021519154, 202209000000, 
3.7368748457383014, 0.8521323798437381, -0.578314467190808, 202277000000, 
3.7368748772727725, 0.8521323595256991, -0.5783144347050706, 202345000000, 
3.7368748544086934, 0.8521323734459215, -0.57831437308702, 202447000000, 
3.7368748430283234, 0.8521323826872305, -0.5783143243919604, 202515000000, 
3.7368748667520726, 0.8521323638154663, -0.5783142715930027, 202617000000, 
3.7368748877156435, 0.852132352805262, -0.5783142516722722, 202651000000, 
3.7368748714044218, 0.8521323591586046, -0.5783141943204998, 202753000000, 
3.7368748727788024, 0.8521323594930486, -0.5783141531219039, 202821000000, 
3.7368748870950483, 0.8521323478863927, -0.5783141169367872, 202889000000, 
3.736874891205042, 0.8521323442709362, -0.5783140855854998, 202957000000, 
3.736874872014646, 0.8521323575830284, -0.578314042653653, 203025000000, 
3.736874872300866, 0.8521323572877699, -0.5783139963522963, 203093000000, 
3.736874912547355, 0.852132331517822, -0.5783139435659475, 203195000000, 
3.736874907631031, 0.8521323324945932, -0.5783139144118444, 203263000000, 
3.7368748946623964, 0.8521323401578395, -0.578313844590259, 203365000000, 
3.736874913889837, 0.8521323254694707, -0.5783138089772273, 203433000000, 
3.736874915813375, 0.8521323231811795, -0.5783137820613453, 203501000000, 
3.736874893151746, 0.8521323398342301, -0.5783137130023605, 203603000000, 
3.7368749001706276, 0.8521323328383303, -0.5783136736900515, 203671000000, 
3.7368749404204182, 0.8521323058089523, -0.5783136249215014, 203773000000, 
3.7368749193943707, 0.8521323193030426, -0.5783135616138082, 203875000000, 
3.7368748931393445, 0.8521323333849646, -0.5783135210182865, 203943000000, 
3.736874921765302, 0.8521323156970285, -0.5783134667011466, 204045000000, 
3.73687495874411, 0.8521322925497713, -0.5783134325811556, 204113000000, 
3.7368749529424643, 0.8521322932525887, -0.5783134219882451, 204147000000, 
3.7368749233608303, 0.8521323124502418, -0.5783133561953884, 204249000000, 
3.7368749240577657, 0.8521323112404565, -0.5783132953871318, 204351000000, 
3.7368749424888987, 0.8521323004727427, -0.5783132781586685, 204385000000, 
3.7368749698594472, 0.852132280913907, -0.5783132447185309, 204453000000, 
3.7368749462186086, 0.8521322939103688, -0.5783131849042509, 204555000000, 
3.736874929501222, 0.8521323053248362, -0.5783131447704856, 204623000000, 
3.7368749326800943, 0.8521323014369561, -0.5783131082209099, 204691000000, 
3.7368749722096393, 0.8521322772605084, -0.5783130694127798, 204759000000, 
3.736874983757862, 0.8521322664162058, -0.5783130229264951, 204861000000, 
3.7368749605350486, 0.8521322823479708, -0.578312980239078, 204929000000, 
3.7368749610055696, 0.8521322807503036, -0.5783129197720882, 205031000000, 
3.736874972828254, 0.8521322721491026, -0.5783129043789363, 205065000000, 
3.736875001719409, 0.8521322546979472, -0.5783128579011845, 205167000000, 
3.7368749785589856, 0.8521322680238944, -0.5783127862854214, 205269000000, 
3.7368750119682863, 0.8521322467075378, -0.5783127361277837, 205371000000, 
3.7368750025912734, 0.8521322506790635, -0.578312708232285, 205439000000, 
3.7368749829644763, 0.8521322627152992, -0.578312641069803, 205541000000, 
3.7368750140964395, 0.8521322395265444, -0.5783125882170084, 205643000000, 
3.7368750250530027, 0.8521322345786148, -0.5783125616814376, 205711000000, 
3.73687500604703, 0.8521322464071881, -0.578312515221206, 205779000000, 
3.73687501940952, 0.8521322344384048, -0.5783124591063132, 205881000000, 
3.7368750303182545, 0.8521322268053975, -0.5783124331285808, 205949000000, 
3.7368750104245336, 0.8521322387863554, -0.5783123870536416, 206017000000, 
3.736875008056225, 0.852132240314537, -0.5783123292030451, 206119000000, 
3.736875038079827, 0.8521322190609228, -0.5783122951707892, 206187000000, 
3.7368750559672614, 0.8521322095910954, -0.5783122694429749, 206255000000, 
3.7368750146974263, 0.8521322331210917, -0.578312207250258, 206357000000, 
3.736875005975179, 0.8521322377771405, -0.5783121863781361, 206391000000, 
3.7368750269712097, 0.8521322250330865, -0.5783121324007461, 206493000000, 
3.7368750640479726, 0.8521322017177398, -0.5783120953263533, 206561000000, 
3.7368750688619157, 0.8521321972914367, -0.578312067652512, 206629000000, 
3.7368750517523455, 0.8521322057481618, -0.578312044149713, 206663000000, 
3.7368750272296354, 0.8521322217460722, -0.5783120071082475, 206731000000, 
3.73687503166529, 0.8521322191142278, -0.5783119661094113, 206799000000, 
3.7368750475492574, 0.8521322099559229, -0.5783119513412132, 206833000000, 
3.7368750767867946, 0.8521321879766465, -0.578311915722177, 206901000000, 
3.7368750649917444, 0.8521321948695819, -0.5783118635971438, 207003000000, 
3.7368750420556522, 0.8521322100468107, -0.5783118260425167, 207071000000, 
3.7368750367871764, 0.8521322125748108, -0.5783118024862341, 207105000000, 
3.7368750522088607, 0.852132200882911, -0.5783117721180249, 207173000000, 
3.7368750746543435, 0.852132188594777, -0.5783117521631477, 207207000000, 
3.736875105722896, 0.8521321686123554, -0.5783117257308682, 207275000000, 
3.736875075017756, 0.8521321846772326, -0.5783116645147135, 207377000000, 
3.7368750667564448, 0.852132191209285, -0.5783116240801366, 207445000000, 
3.7368750956530477, 0.8521321695910326, -0.5783115745849282, 207547000000, 
3.7368751118615506, 0.8521321604968888, -0.5783115588436853, 207581000000, 
3.7368750923249845, 0.8521321698035198, -0.5783113413630061, 207989000000, 
3.736875093375169, 0.852132167985677, -0.578311322208311, 208023000000, 
3.7368751194400924, 0.8521321493748162, -0.5783112913301304, 208091000000, 
3.736875133336557, 0.852132142434134, -0.5783112654955482, 208159000000, 
3.736875114211186, 0.8521321531601459, -0.5783112021120284, 208261000000, 
3.736875123323385, 0.8521321452548195, -0.5783111661156443, 208329000000, 
3.7369361048274228, 0.8520954174236911, -0.6162221343028268, 208397000000, 
3.7385660694735288, 0.8508143354106295, -0.7002589159581598, 208465000000, 
3.742414785294839, 0.8473553268535253, -0.7590335495832927, 208533000000, 
3.747306552689194, 0.8425409340842417, -0.7943120195185072, 208601000000, 
3.7520291361217333, 0.8375481214538942, -0.8341657948598897, 208669000000, 
3.7565521506981927, 0.8323804062489354, -0.8705150448179835, 208737000000, 
3.7629946163039683, 0.8243651405169745, -0.9141670046098546, 208839000000, 
3.7650688220931636, 0.8216491590616616, -0.9228360317320765, 208873000000, 
3.769160579458481, 0.8161887206743016, -0.9335913752450531, 208941000000, 
3.7751450807899105, 0.8078379893010657, -0.9693965652679625, 209043000000, 
3.77892903916628, 0.8021013697774336, -1.0064213468518182, 209111000000, 
3.7842425793385197, 0.7932996425214405, -1.0505614043186984, 209213000000, 
3.787582897866082, 0.7873310338330997, -1.0732477400234206, 209281000000, 
3.7907654725294986, 0.781259314142927, -1.1043886590892997, 209349000000, 
3.7951974865565896, 0.7719863604866425, -1.146880081927527, 209451000000, 
3.796587372522632, 0.7688573437226444, -1.159731591582612, 209485000000, 
3.799257675372847, 0.7625543249551484, -1.1821673441716671, 209553000000, 
3.800537820297624, 0.759379346961159, -1.1942157591430802, 209587000000, 
3.8041646082708676, 0.7497723638743152, -1.2284923532725565, 209689000000, 
3.806389384489798, 0.7432982837909979, -1.2520805005865943, 209757000000, 
3.808461317867341, 0.7367775698014504, -1.275290360717285, 209825000000, 
3.810393753976317, 0.7302203899623518, -1.2948150333949995, 209893000000, 
3.8121866145031755, 0.7236186127619724, -1.3178135225618952, 209961000000, 
3.8138305579629947, 0.7169781919411482, -1.3396782053137466, 210029000000, 
3.815328524339233, 0.7103029427603632, -1.361202883264779, 210097000000, 
3.8173138600174137, 0.7002358732224383, -1.3920948835918059, 210199000000, 
3.8184631407933094, 0.693492187724917, -1.4129111086127815, 210267000000, 
3.8194709597984584, 0.6867260348815921, -1.4342118617353878, 210335000000, 
3.8207116441793483, 0.6765430557730324, -1.4657448513110969, 210437000000, 
3.8213602535539692, 0.6697352204968369, -1.4868542183421973, 210505000000, 
3.821863499665413, 0.662911947705379, -1.5088268170042023, 210573000000, 
3.822238087084868, 0.6561037285842769, -1.5185606836964254, 210641000000, 
3.8226976447012477, 0.6458745736153294, -1.5391919009433443, 210743000000, 
3.8228682875973976, 0.6390488869239378, -1.5526330733013476, 210811000000, 
3.8229422856386432, 0.6322207662435391, -1.567751423487825, 210879000000, 
3.822870353303931, 0.6219813604546837, -1.588851422026921, 210981000000, 
3.822565520679654, 0.6117410724030776, -1.613203976088927, 211083000000, 
3.8224142066120357, 0.608343356900753, -1.6156222237868338, 211117000000, 
3.821988703788336, 0.5981499612046979, -1.6155410429269865, 211219000000, 
3.821687208112028, 0.5913538055027301, -1.615122611371669, 211287000000, 
3.821343318484151, 0.5845399007222286, -1.6283298025370032, 211355000000, 
3.820926136478387, 0.5777363573279619, -1.6359283346911984, 211423000000, 
3.8204467420643717, 0.5709345327421452, -1.646159570156831, 211491000000, 
3.820182203532702, 0.5675355813799828, -1.650935831242721, 211525000000, 
3.8196059579348596, 0.5607507022419785, -1.6573765049149793, 211593000000, 
3.8187571061468857, 0.5505865143412249, -1.6563539523421622, 211695000000, 
3.8178420141815432, 0.5404076460804469, -1.6667454549013068, 211797000000, 
3.8171714594734913, 0.5336295246801444, -1.6720254157298635, 211865000000, 
3.816081763273733, 0.5234682556889475, -1.6824771188907912, 211967000000, 
3.815298112220849, 0.516699483196356, -1.689940140040014, 212035000000, 
3.8145159721041098, 0.5099654799050214, -1.6772852658053574, 212103000000, 
3.8134269026039402, 0.49983034294479756, -1.675624326543834, 212205000000, 
3.812720093388212, 0.4930623571761183, -1.6783417564344723, 212273000000, 
3.811975354605284, 0.48629887641771796, -1.680245012276423, 212341000000, 
3.8112223145247546, 0.47953518008108637, -1.6837730009847853, 212409000000, 
3.8104486143272376, 0.4727735967439554, -1.6859560418290382, 212477000000, 
3.8092230348551297, 0.46264037060174235, -1.6908754256926624, 212579000000, 
3.8084547568900775, 0.45590014518148997, -1.681918555429014, 212647000000, 
3.807330693027438, 0.4457642867138893, -1.6808428434222153, 212749000000, 
3.8069523731264363, 0.44238090428326454, -1.6832633352469477, 212783000000, 
3.8058067909498954, 0.43224425529762023, -1.683966209269671, 212885000000, 
3.804645867995076, 0.4221084114642677, -1.6850873001482622, 212987000000, 
3.8038607118758603, 0.41534789607634304, -1.6882472043322327, 213055000000, 
3.802662929949755, 0.4052252429661057, -1.6844357081937298, 213157000000, 
3.8019163375973735, 0.3984781295095, -1.6782631073763044, 213225000000, 
3.8008343445444113, 0.38833853516110783, -1.6768043475121719, 213327000000, 
3.8001210680589543, 0.3815792361172325, -1.6751643377245855, 213395000000, 
3.799415900245456, 0.37481845712149753, -1.6738082117795583, 213463000000, 
3.798722588988836, 0.36805672318383614, -1.6723439551716501, 213531000000, 
3.7980347553171985, 0.36129281594041873, -1.6716785115685326, 213599000000, 
3.797363528436118, 0.3545354599023107, -1.6666079679833845, 213667000000, 
3.7970433170178564, 0.351155903666903, -1.6638014468153706, 213701000000, 
3.796126166194601, 0.34100604517394334, -1.6591345475083008, 213803000000, 
3.7955322743380204, 0.3342361490708756, -1.656915629815764, 213871000000, 
3.794671070644359, 0.3240787292908688, -1.6537021083073409, 213973000000, 
3.7938518785760698, 0.31392322167387054, -1.647554970038784, 214075000000, 
3.793345429205999, 0.30714998858389114, -1.6433995937904968, 214143000000, 
3.7926256807403087, 0.29698195091066626, -1.6399095675753266, 214245000000, 
3.7921662190428, 0.29020295006766345, -1.6370073344345455, 214313000000, 
3.7919430567647625, 0.2868124732031158, -1.6358643995210018, 214347000000, 
3.7915106484572187, 0.28003184203852727, -1.632899411532984, 214415000000, 
3.7910962988042005, 0.27324863510877007, -1.630715075897729, 214483000000, 
3.7908944288027904, 0.2698566480437416, -1.6296376635299203, 214517000000, 
3.790500932445478, 0.26307156779320323, -1.6277413911271763, 214585000000, 
3.790124582421218, 0.2562888820694909, -1.6240264609750303, 214653000000, 
3.7896072470550757, 0.2461105098939211, -1.619552112653339, 214755000000, 
3.7891319688111467, 0.2359296159975199, -1.6152966758976581, 214857000000, 
3.788838894960673, 0.22914141020311982, -1.6123592358773378, 214925000000, 
3.7884375581813634, 0.21895770320609026, -1.6079012721534285, 215027000000, 
3.788194382048126, 0.21216725644467516, -1.605144967228045, 215095000000, 
3.78796957116206, 0.20537574557312277, -1.6026105209329684, 215163000000, 
3.787761355591066, 0.19858357627005327, -1.6001116721362525, 215231000000, 
3.7876636390873144, 0.19518725186221467, -1.5989048594024373, 215265000000, 
3.787480414692286, 0.18839429877079805, -1.596475805583811, 215333000000, 
3.7872367631117703, 0.17820404343575622, -1.592853401674219, 215435000000, 
3.7870948295522684, 0.17141008152581705, -1.590403541177609, 215503000000, 
3.786913653013344, 0.16121846760129901, -1.5868088848421562, 215605000000, 
3.7867595429711556, 0.1510239116673131, -1.584537703852854, 215707000000, 
3.7866739023817573, 0.14422862920818183, -1.582297962634339, 215775000000, 
3.786636266584088, 0.140830636087341, -1.5813418856683916, 215809000000, 
3.7865439020547473, 0.13063675288174678, -1.578321151538907, 215911000000, 
3.7864992156349313, 0.12384065108322814, -1.5763248227130044, 215979000000, 
3.7864573589659027, 0.1136457061737479, -1.573666214475818, 216081000000, 
3.7864386311592004, 0.10684642317653095, -1.5733078395593334, 216149000000, 
3.786431133596185, 0.10344781029267326, -1.5725718018764758, 216183000000, 
3.786425153045638, 0.09665107166419107, -1.570845168778325, 216251000000, 
3.7864351026275163, 0.08645513793635336, -1.568657291895622, 216353000000, 
3.7864670109213607, 0.07625913510797772, -1.5665675059702213, 216455000000, 
3.786500679342145, 0.06946211465447387, -1.5650313735218808, 216523000000, 
3.786563216898994, 0.05926290669085305, -1.5647064450598132, 216625000000, 
3.7866059912900445, 0.05246340710993401, -1.564524033877824, 216693000000, 
3.786649983945198, 0.045665083358508426, -1.5636962359555788, 216761000000, 
3.7867016237225295, 0.038866835170630665, -1.5628810860014966, 216829000000, 
3.7867892189901164, 0.02866974276544107, -1.5614965762806734, 216931000000, 
3.786855186025403, 0.021871788501565025, -1.5605743705898434, 216999000000, 
3.786928836873931, 0.015074038024998503, -1.5596117696246214, 217067000000, 
3.7870387170848057, 0.004873596340318059, -1.5601598328330062, 217169000000, 
3.787074956748854, 0.0014739111351220436, -1.5600897061853343, 217203000000, 
3.7871903110387692, -0.008723474810249843, -1.5590346195156826, 217305000000, 
3.7873143156169964, -0.0189211424060619, -1.5582041452089648, 217407000000, 
3.7874015096735234, -0.02571967365543334, -1.5577055059538316, 217475000000, 
3.787492134676252, -0.03251854211320283, -1.5574236202429963, 217543000000, 
3.7875803910980284, -0.03931927123106351, -1.558132030563749, 217611000000, 
3.7877095788248876, -0.04951822700281901, -1.5580074163415991, 217713000000, 
3.7877975353070026, -0.05631729640236272, -1.5577951423433378, 217781000000, 
3.787930969413729, -0.06651600091287291, -1.5575682364646561, 217883000000, 
3.7879760888245624, -0.06991552132906635, -1.557485120894011, 217917000000, 
3.788067450137143, -0.07671433130586357, -1.557186981208285, 217985000000, 
3.788161748547352, -0.08351273909048709, -1.5566828893928908, 218053000000, 
3.7883021534135417, -0.09371360621843763, -1.5576301116679556, 218155000000, 
3.7883898966183, -0.10051420189983203, -1.5582555331573151, 218223000000, 
3.788474201296526, -0.10731377625805694, -1.5583081969611543, 218291000000, 
3.7886012799713513, -0.11751322517434631, -1.5584404117885473, 218393000000, 
3.7886852345853903, -0.12431290685475906, -1.558529772058639, 218461000000, 
3.7888095929014725, -0.1345121590275341, -1.558527945993654, 218563000000, 
3.7888918724591782, -0.1413126253844463, -1.5590708626623502, 218631000000, 
3.7890071464659374, -0.15151364931294958, -1.559960450827363, 218733000000, 
3.789079681163068, -0.15831369800193879, -1.5601588500638344, 218801000000, 
3.7891867081859867, -0.16851377975586204, -1.5604932659564845, 218903000000, 
3.78925629012853, -0.1753137577027632, -1.5606882374067415, 218971000000, 
3.789358095760272, -0.18551366226413826, -1.5609093935276348, 219073000000, 
3.7893916160040164, -0.18891362062754266, -1.5609665039272576, 219107000000, 
3.789458666818968, -0.19571321874678096, -1.5609106064832141, 219175000000, 
3.7895255765403677, -0.20251302888506711, -1.5609888609158626, 219243000000, 
3.789614462023141, -0.2115561467537856, -1.560229397592004, 219345000000, 
3.7896270141430284, -0.2126732176027353, -1.5565403841901453, 219413000000, 
3.7896272915241824, -0.21267632729547115, -1.557241228736552, 219515000000, 
3.789627261306302, -0.21267507995341836, -1.5572079828002767, 219549000000, 
3.7896273099976345, -0.212674099102093, -1.557576499621122, 219583000000, 
3.7896271910288855, -0.212668236831978, -1.5574037693448517, 219685000000, 
3.7896271831927315, -0.2126666261658559, -1.5573894868914504, 219787000000, 
3.7896271895973483, -0.21266746343048387, -1.5574333035968304, 219821000000, 
3.7896271975096627, -0.212670293647078, -1.5574122927623384, 219889000000, 
3.7896272045254014, -0.2126732222448963, -1.557429103861933, 219957000000, 
3.789627197884068, -0.2126743527102558, -1.557423713770186, 219991000000, 
3.789627135679341, -0.21267450728958062, -1.5574244310191336, 220093000000, 
3.789627062133645, -0.2126723947552729, -1.5574210168584268, 220161000000, 
3.7896269429139027, -0.2126694295654627, -1.5574216324253203, 220263000000, 
3.7896268708738954, -0.21266951420955588, -1.5574220524532194, 220365000000, 
3.789626840391031, -0.21267089393998378, -1.557422070578281, 220433000000, 
3.789626820843892, -0.21267251771909296, -1.5574219630087043, 220501000000, 
3.7896267898294043, -0.21267370522894782, -1.5574220171485647, 220569000000, 
3.789626750328176, -0.21267343438749678, -1.5574219394383353, 220637000000, 
3.7896266967497834, -0.21267231580137985, -1.5574219690385789, 220705000000, 
3.7896266442824555, -0.2126707736199349, -1.557421951744979, 220773000000, 
3.7896266088934247, -0.21266970622504777, -1.5574219471445334, 220841000000, 
3.7896265903183104, -0.2126695722121197, -1.5574219571930046, 220909000000, 
3.7896265857133264, -0.21267034581325933, -1.5574219319720741, 220977000000, 
3.789626601681738, -0.212672019154828, -1.5574219402042353, 221079000000, 
3.7896266072748332, -0.2126726084153559, -1.557421944046092, 221147000000, 
3.7896266029257553, -0.21267245822740413, -1.5574219533738982, 221215000000, 
3.789626597613246, -0.21267124045784602, -1.5574219827437343, 221317000000, 
3.789626593506563, -0.21267081150390307, -1.5574220060019548, 221351000000, 
3.789626596579935, -0.21267023948269978, -1.5574219865541836, 221419000000, 
3.7896265970572056, -0.21267014848036236, -1.557422024941945, 221453000000, 
3.789626615520797, -0.21267036386399635, -1.5574220262459053, 221521000000, 
3.7896266391501405, -0.21267100165555594, -1.5574220694505259, 221589000000, 
3.78962666331703, -0.21267169458796917, -1.5574220594320616, 221657000000, 
3.7896266851464144, -0.21267208711694416, -1.5574220807865984, 221725000000, 
3.7896267020093917, -0.21267203015447042, -1.5574220907526077, 221793000000, 
3.7896267112043835, -0.21267157469305797, -1.557422128756613, 221861000000, 
3.7896267261661234, -0.21267080148962764, -1.5574221587958867, 221963000000, 
3.7896267473747325, -0.21267063620864304, -1.5574221769454069, 222065000000, 
3.7896267750896753, -0.21267116899869967, -1.5574221973179703, 222167000000, 
3.789626786225338, -0.21267139395951473, -1.557422210975111, 222201000000, 
3.7896267931972845, -0.21267158935306765, -1.5574222294630125, 222235000000, 
3.789626813054469, -0.21267180862231283, -1.5574222407434606, 222337000000, 
3.789626821249469, -0.21267160187225453, -1.5574222590442282, 222405000000, 
3.789626830577618, -0.21267109424414074, -1.55742228178369, 222507000000, 
3.789626831820416, -0.21267086859147413, -1.5574223196876322, 222575000000, 
3.789626846426068, -0.2126709945924858, -1.5574223185975147, 222677000000, 
3.7896268558215, -0.21267140910585525, -1.5574223375015506, 222779000000, 
3.789626863812732, -0.21267160558339224, -1.557422345385359, 222847000000, 
3.789626864319086, -0.21267165719286793, -1.5574223327245573, 222915000000, 
3.789626866941823, -0.21267156293541478, -1.5574223765622224, 222983000000, 
3.789626864952022, -0.2126712509022713, -1.557422384173507, 223085000000, 
3.789626859650235, -0.21267107018350795, -1.5574223967803653, 223153000000, 
3.789626860892006, -0.21267112768763752, -1.5574224040939704, 223255000000, 
3.78962686397013, -0.2126713160464737, -1.5574224132925902, 223323000000, 
3.789626864034068, -0.21267149106998517, -1.5574224184773373, 223391000000, 
3.7896268576777707, -0.21267153484466023, -1.557422431322278, 223493000000, 
3.789626857503948, -0.2126714928524166, -1.5574224348172134, 223527000000, 
3.7896268529393313, -0.2126713609181652, -1.5574224430329258, 223595000000, 
3.7896268497953605, -0.21267129971254442, -1.5574224401535723, 223629000000, 
3.789626846529888, -0.21267121028452768, -1.5574224694122936, 223697000000, 
3.7896268459158713, -0.2126712038162728, -1.5574224559814769, 223731000000, 
3.789626843881796, -0.21267125054467598, -1.55742247030389, 223799000000, 
3.7896268395771178, -0.21267136356787353, -1.5574224743335072, 223901000000, 
3.789626837484002, -0.21267141366386907, -1.5574224749443988, 223935000000, 
3.7896268366125936, -0.21267150876374055, -1.5574224915034, 224037000000, 
3.7896268297890465, -0.21267146773172724, -1.5574224941921482, 224105000000, 
3.789626827620083, -0.21267137160689506, -1.5574224959358731, 224207000000, 
3.789626821637711, -0.21267133847256817, -1.5574225214837614, 224275000000, 
3.7896268216867313, -0.21267135130562093, -1.557422527887849, 224377000000, 
3.7896268168091267, -0.21267141145163007, -1.5574225382208937, 224479000000, 
3.7896268153490493, -0.21267147778584278, -1.5574225411427496, 224547000000, 
3.7896268140566507, -0.2126714975748191, -1.5574225507434627, 224649000000, 
3.789626811253158, -0.21267145521967776, -1.5574225699381479, 224717000000, 
3.7896268112894673, -0.21267142288892935, -1.5574225637010486, 224785000000, 
3.7896268080280375, -0.21267141933457143, -1.5574225786719103, 224853000000, 
3.7896268060437874, -0.21267144893867249, -1.557422584834024, 224921000000, 
3.789626808070185, -0.21267151223187178, -1.5574225950586889, 224989000000, 
3.7896268064362584, -0.2126715293611384, -1.557422613411851, 225057000000, 
3.7896268043964856, -0.2126714952625509, -1.5574226198847776, 225125000000, 
3.789626803221905, -0.21267145663541395, -1.5574226153633306, 225227000000, 
3.7896268016649213, -0.2126714717137793, -1.5574226341426487, 225295000000, 
3.7896268047280266, -0.21267149507260324, -1.5574226324713154, 225329000000, 
3.7896268049559954, -0.21267152696556907, -1.557422638753696, 225363000000, 
3.7896268023282293, -0.2126715338806606, -1.5574226548973102, 225397000000, 
3.7896268048696093, -0.2126715372922327, -1.5574226590365476, 225465000000, 
3.7896268040392087, -0.21267150065872364, -1.557422665639194, 225533000000, 
3.7896268029051225, -0.21267149620651066, -1.5574226587822346, 225567000000, 
3.7896268011847374, -0.21267150621465267, -1.557422676879639, 225635000000, 
3.789626804067677, -0.21267155297311388, -1.5574226813948608, 225703000000, 
3.7896268036978302, -0.21267153536329528, -1.5574226999628549, 225805000000, 
3.789626802134403, -0.21267149344956587, -1.5574227035317836, 225907000000, 
3.789626800549705, -0.21267152635493633, -1.5574227214130918, 226009000000, 
3.7896268026272906, -0.21267157827689645, -1.5574227349829037, 226077000000, 
3.7896268008164116, -0.21267157058495154, -1.5574227465856092, 226145000000, 
3.789626798769702, -0.2126715329219065, -1.557422746000587, 226247000000, 
3.789626801901554, -0.21267155148240943, -1.5574227601110633, 226315000000, 
3.789626799438017, -0.2126715805380904, -1.5574227688377704, 226383000000, 
3.78962679925451, -0.2126715618902973, -1.5574227798696711, 226485000000, 
3.789626799100393, -0.2126715586322087, -1.557422785291751, 226553000000, 
3.789626799956038, -0.2126715926101642, -1.5574227960637528, 226621000000, 
3.789626798236182, -0.21267160112299377, -1.557422804024677, 226655000000, 
3.7896268000246685, -0.21267159747145717, -1.5574228190514399, 226723000000, 
3.789626796364717, -0.21267157412269802, -1.5574228181027014, 226791000000, 
3.789626799267106, -0.21267159124317883, -1.557422822171475, 226859000000, 
3.7896267966229518, -0.21267161890116199, -1.5574228367427858, 226927000000, 
3.7896267983043774, -0.21267161456682465, -1.5574228516065014, 226995000000, 
3.7896267957862086, -0.21267159353014295, -1.5574228502214822, 227097000000, 
3.7896267973679842, -0.21267160699268478, -1.5574228546192217, 227131000000, 
3.7896267946561113, -0.21267163398652544, -1.5574228690332492, 227199000000, 
3.7896267940566957, -0.21267161226307485, -1.5574228780252353, 227301000000, 
3.789626793643676, -0.21267160698019527, -1.557422882359774, 227369000000, 
3.7896267942452684, -0.21267163895434213, -1.557422893467489, 227437000000, 
3.789626793308862, -0.2126716502426107, -1.557422914292625, 227505000000, 
3.789626791762541, -0.2126716237921695, -1.5574229099290813, 227573000000, 
3.789626791310544, -0.21267161787806668, -1.5574229142183575, 227641000000, 
3.7896267906279393, -0.21267166251775152, -1.557422929169834, 227743000000, 
3.7896267895826075, -0.21267165071163602, -1.5574229470384806, 227845000000, 
3.78962678910578, -0.21267164406117228, -1.5574229428583577, 227913000000, 
3.789626787846393, -0.21267168154187663, -1.5574229630111789, 228015000000, 
3.7896267893348106, -0.21267167458929268, -1.5574229793303036, 228083000000, 
3.7896267866538573, -0.21267164966257981, -1.5574229772380317, 228185000000, 
3.7896267881489787, -0.21267166183992853, -1.5574229816252614, 228219000000, 
3.789626785956332, -0.2126716923652096, -1.5574229918636306, 228287000000, 
3.7896267857325214, -0.21267168888519303, -1.557423005531208, 228389000000, 
3.789626786002194, -0.21267168841954948, -1.5574230117093484, 228491000000, 
3.7896267832624573, -0.21267171208889982, -1.5574230269949378, 228559000000, 
3.7896267825549117, -0.2126716854274339, -1.5574230351667169, 228661000000, 
3.7896267820929217, -0.21267167688950178, -1.5574230393671311, 228729000000, 
3.7896267826426877, -0.2126717056350542, -1.5574230502524467, 228797000000, 
3.7896267838627584, -0.21267174236916517, -1.557423063242688, 228865000000, 
3.789626781504124, -0.21267173011973636, -1.5574230730927903, 228933000000, 
3.7896267817212657, -0.21267172757841665, -1.5574230736053887, 229035000000, 
3.789626779018903, -0.2126717498791553, -1.5574230880344047, 229103000000, 
3.78962678049156, -0.21267174023292454, -1.5574231025278562, 229171000000, 
3.78962677787214, -0.21267171132025234, -1.5574231007810595, 229273000000, 
3.789626778423086, -0.21267173874548922, -1.5574231116639055, 229341000000, 
3.789626779637223, -0.21267177417179692, -1.5574231245612369, 229409000000, 
3.7896267764378777, -0.21267176696709603, -1.5574231372240308, 229443000000, 
3.789626775255338, -0.2126717516830204, -1.5574231314269336, 229511000000, 
3.789626777586169, -0.21267176202356575, -1.5574231344914016, 229579000000, 
3.789626774905681, -0.21267178295673525, -1.5574231497872197, 229647000000, 
3.789626775738078, -0.21267178403413733, -1.5574231624695132, 229681000000, 
3.7896267742068193, -0.21267175223759807, -1.5574231574094575, 229749000000, 
3.789626775204275, -0.2126717512243451, -1.5574231657013575, 229851000000, 
3.7896267733959386, -0.21267178786889868, -1.5574231757216825, 229919000000, 
3.789626773099824, -0.21267181263645796, -1.5574231964646992, 229987000000, 
3.7896267725979076, -0.21267178015143395, -1.5574231968483299, 230089000000, 
3.7896267701726027, -0.21267176252854558, -1.557423197762033, 230157000000, 
3.7896267721810295, -0.21267178662229894, -1.5574232111098074, 230225000000, 
3.7896267714084932, -0.21267183459934874, -1.557423234227695, 230327000000, 
3.789626771182332, -0.21267179263860977, -1.5574232345485162, 230429000000, 
3.789626768473068, -0.21267177679804686, -1.5574232344729495, 230497000000, 
3.789626768439849, -0.21267181857637002, -1.557423250353618, 230599000000, 
3.7896267701295727, -0.21267185327188529, -1.5574232522316, 230633000000, 
3.789626769768677, -0.21267186826990328, -1.5574232712444633, 230735000000, 
3.7896267679775324, -0.21267182884234392, -1.5574232773864078, 230803000000, 
3.789626765471048, -0.21267178699323458, -1.5574232801598755, 230905000000, 
3.7896267659558305, -0.21267181065777477, -1.5574232914990538, 230973000000, 
3.789626766812457, -0.21267188515889626, -1.5574233086492903, 231075000000, 
3.7896267659244787, -0.21267187458276418, -1.557423317102333, 231177000000, 
3.789626764826002, -0.21267183012248034, -1.5574233249090743, 231245000000, 
3.789626761486036, -0.2126718151191282, -1.5574233328086267, 231347000000, 
3.7896267608879817, -0.21267182807205812, -1.5574233365489802, 231381000000, 
3.7896267638705337, -0.2126718852751395, -1.5574233412323009, 231449000000, 
3.7896267623390614, -0.2126719157659307, -1.5574233621354152, 231551000000, 
3.7896267628517077, -0.2126718909592404, -1.557423366039303, 231619000000, 
3.7896267585694776, -0.2126718496543986, -1.5574233661698313, 231687000000, 
3.7896267600654117, -0.21267186869611895, -1.5574233797085877, 231789000000, 
3.7896267608825256, -0.21267194014341018, -1.5574233954755201, 231891000000, 
3.789626758802043, -0.21267193453418706, -1.5574234034789551, 231959000000, 
3.7896267571036817, -0.2126718970362076, -1.557423409281846, 232027000000, 
3.7896267575278846, -0.21267186782432906, -1.557423407143341, 232095000000, 
3.789626754898295, -0.21267187417294542, -1.5574234230071689, 232197000000, 
3.789626757819253, -0.21267192945236324, -1.557423427591039, 232265000000, 
3.789626755499944, -0.21267197807361077, -1.5574234496084525, 232367000000, 
3.7896267548984235, -0.2126719332296882, -1.5574234602979227, 232469000000, 
3.7896267528220102, -0.21267191150697015, -1.5574234498320811, 232537000000, 
3.7896267547715774, -0.21267195545399165, -1.5574234644103115, 232639000000, 
3.7896267550405325, -0.21267199001041623, -1.5574234861920049, 232707000000, 
3.7896267527008503, -0.2126719690247698, -1.5574234858290286, 232775000000, 
3.789626751256904, -0.21267193528416387, -1.5574234885452802, 232877000000, 
3.7896267498715375, -0.212671948587649, -1.5574235009247868, 232945000000, 
3.7896267511669515, -0.21267197084803854, -1.5574235034654973, 232979000000, 
3.789626750149783, -0.2126719938473288, -1.5574235255738356, 233081000000, 
3.789626748760877, -0.21267196125241, -1.5574235220034491, 233149000000, 
3.7896267488594875, -0.21267195010209647, -1.5574235271414392, 233251000000, 
3.7896267475625716, -0.2126719778123732, -1.5574235384745847, 233319000000, 
3.78962675043571, -0.21267204004842263, -1.5574235614239944, 233421000000, 
3.789626748127507, -0.21267201826972196, -1.5574235579843176, 233489000000, 
3.789626745613387, -0.21267195822415205, -1.5574235628088116, 233591000000, 
3.7896267440136673, -0.21267195479729087, -1.5574235733206223, 233659000000, 
3.789626745772923, -0.21267201892726456, -1.5574235815014748, 233761000000, 
3.7896267450898327, -0.21267204382875476, -1.557423586951745, 233795000000, 
3.789626744123698, -0.2126720694083762, -1.5574236037209581, 233863000000, 
3.7896267433441126, -0.21267202209377054, -1.5574236141136029, 233965000000, 
3.7896267422429215, -0.21267200779535064, -1.5574236034462876, 233999000000, 
3.78962674362747, -0.21267202332985277, -1.5574236190578583, 234101000000, 
3.7896267427682675, -0.21267204066974305, -1.5574236174528386, 234135000000, 
3.789626742122341, -0.2126720597556612, -1.5574236225268212, 234169000000, 
3.7896267445376774, -0.2126720770717261, -1.5574236421555545, 234237000000, 
3.7896267431201727, -0.2126720505473374, -1.557423638271983, 234305000000, 
3.789626739773921, -0.2126720215259224, -1.5574236414006564, 234373000000, 
3.7896267416433, -0.21267206139802966, -1.5574236546719602, 234475000000, 
3.789626741883062, -0.21267209325891104, -1.5574236699810944, 234543000000, 
3.7896267381717723, -0.21267206207110106, -1.5574236700658242, 234645000000, 
3.7896267400447634, -0.2126721006553558, -1.5574236817276514, 234747000000, 
3.7896267382745825, -0.21267209169233872, -1.5574236990864203, 234815000000, 
3.7896267370529086, -0.21267206541069802, -1.557423695602269, 234883000000, 
3.789626737803923, -0.21267207365032073, -1.557423703592542, 234985000000, 
3.7896267366537764, -0.21267211049185275, -1.5574237105860316, 235053000000, 
3.789626735780857, -0.21267210115818705, -1.5574237260875523, 235155000000, 
3.7896267361445584, -0.21267210810084328, -1.55742373028037, 235257000000, 
3.7896267348427486, -0.21267213081269842, -1.5574237517998517, 235359000000, 
3.7896267323412394, -0.21267209535050852, -1.5574237547781662, 235461000000, 
3.789626731618886, -0.2126720972444163, -1.5574237503429427, 235495000000, 
3.7896267341366014, -0.2126721311086721, -1.5574237619297022, 235563000000, 
3.7896267343425323, -0.21267216026451669, -1.5574237753401547, 235631000000, 
3.7896267320274712, -0.21267213394927295, -1.5574237793477275, 235699000000, 
3.789626730633553, -0.21267212507415528, -1.5574237765592074, 235733000000, 
3.7896267323596136, -0.21267213886215358, -1.557423783009969, 235801000000, 
3.7896267305930498, -0.21267216609101522, -1.557423792493366, 235869000000, 
3.7896267307311615, -0.21267215831470843, -1.5574238063150825, 235937000000, 
3.789626728683672, -0.2126721340195617, -1.5574238039508363, 236005000000, 
3.78962673044375, -0.21267216774717287, -1.5574238129824096, 236107000000, 
3.7896267306333, -0.21267219556848913, -1.557423828151753, 236175000000, 
3.7896267283178853, -0.2126721679266007, -1.5574238309499344, 236243000000, 
3.7896267269271835, -0.2126721583950081, -1.5574238286779996, 236277000000, 
3.7896267286205485, -0.2126721708773805, -1.5574238348918994, 236345000000, 
3.7896267277482623, -0.21267220166636114, -1.557423856168554, 236447000000, 
3.7896267249245392, -0.2126721621878799, -1.5574238557165005, 236549000000, 
3.7896267265971675, -0.21267217410951011, -1.5574238595970726, 236617000000, 
3.7896267269600834, -0.21267222852498185, -1.5574238762783568, 236719000000, 
3.7896267255733282, -0.21267222122310794, -1.5574238837373058, 236787000000, 
3.7896267233231464, -0.21267219963075087, -1.5574238828986762, 236821000000, 
3.789626723341787, -0.2126721758149423, -1.5574238862345606, 236889000000, 
3.789626723129404, -0.21267219941529986, -1.5574238978583386, 236991000000, 
3.789626722764857, -0.212672241910124, -1.5574239053335348, 237059000000, 
3.789626722146771, -0.21267223394517093, -1.5574239152151714, 237161000000, 
3.7896267224331424, -0.21267220817629565, -1.5574239199212552, 237229000000, 
3.789626720520697, -0.21267221104666478, -1.5574239232359555, 237297000000, 
3.789626719593904, -0.2126722510883804, -1.557423930929914, 237365000000, 
3.789626721231736, -0.21267227027869426, -1.5574239370643808, 237399000000, 
3.7896267196384303, -0.2126722608122502, -1.5574239492172115, 237467000000, 
3.7896267183726735, -0.21267222945348715, -1.5574239504198228, 237535000000, 
3.789626720194029, -0.2126722238482979, -1.557423948336587, 237603000000, 
3.7896267184603833, -0.21267224513468802, -1.5574239608305134, 237671000000, 
3.789626717995065, -0.21267226714772017, -1.557423962073045, 237705000000, 
3.7896267199245495, -0.212672287292055, -1.5574239694111613, 237739000000, 
3.7896267178874785, -0.21267227100552966, -1.5574239792291438, 237807000000, 
3.7896267175163563, -0.21267226091869817, -1.5574239772594705, 237841000000, 
3.7896267177817102, -0.2126722707205996, -1.5574239783237516, 237909000000, 
3.789626717526405, -0.21267229465822196, -1.5574239895162594, 237977000000, 
3.7896267151870613, -0.2126722643692037, -1.557423997937456, 238079000000, 
3.7896267165786894, -0.21267225727846178, -1.5574240001396578, 238147000000, 
3.789626714846269, -0.21267227724146584, -1.5574240093928595, 238215000000, 
3.7896267169375952, -0.2126723258253878, -1.5574240155527723, 238283000000, 
3.789626715548039, -0.2126723123671542, -1.5574240281341734, 238385000000, 
3.789626712257719, -0.21267227743249803, -1.557424029595377, 238453000000, 
3.789626713823043, -0.21267228479654995, -1.5574240365973666, 238521000000, 
3.789626711996389, -0.21267233972561944, -1.5574240473052279, 238623000000, 
3.7896267126797314, -0.2126723468617276, -1.5574240608466914, 238657000000, 
3.7896267123087637, -0.21267231214717144, -1.5574240601481504, 238759000000, 
3.789626710006899, -0.21267229343054578, -1.5574240600381632, 238827000000, 
3.7896267105251185, -0.21267231493629551, -1.5574240717570835, 238895000000, 
3.7896267107840687, -0.21267236174262735, -1.557424074824171, 238963000000, 
3.7896267100679832, -0.21267236205401488, -1.557424089218254, 239065000000, 
3.7896267099482643, -0.2126723316032578, -1.5574240915104305, 239133000000, 
3.789626708038038, -0.21267232989698204, -1.5574240963203638, 239201000000, 
3.789626707100898, -0.21267236540128007, -1.5574241025350044, 239269000000, 
3.78962670991264, -0.21267238594840301, -1.5574241212503783, 239337000000, 
3.789626708414077, -0.21267236213526874, -1.5574241174931187, 239405000000, 
3.7896267072006378, -0.21267235768632195, -1.5574241142545224, 239439000000, 
3.7896267083656556, -0.21267239151500777, -1.5574241283497434, 239541000000, 
3.7896267050118784, -0.21267237242752518, -1.5574241410516565, 239643000000, 
3.789626705281521, -0.21267236110343676, -1.5574241400942066, 239711000000, 
3.789626703976732, -0.2126723747562592, -1.557424148636587, 239779000000, 
3.789626706353538, -0.2126724161545901, -1.5574241677629643, 239881000000, 
3.789626705108735, -0.21267239699665075, -1.5574241628806444, 239949000000, 
3.78962670295306, -0.21267239311811112, -1.5574241662336648, 240017000000, 
3.7896267024073707, -0.2126724046679779, -1.5574241705879979, 240051000000, 
3.789626702863815, -0.21267242622687976, -1.5574241849111212, 240119000000, 
3.789626701568833, -0.2126724083584973, -1.5574241870376284, 240187000000, 
3.789626701816472, -0.21267239565591786, -1.5574241882885145, 240255000000, 
